{
    "toxicity_processed": [
        1.0001943111419678,
        9.834884643554688,
        159571001344.0,
        159571001344.0,
        159571001344.0,
        159571001344.0,
        159571001344.0,
        159571001344.0,
        159571001344.0,
        159571001344.0,
        159571001344.0,
        159571001344.0,
        159571001344.0,
        159571001344.0,
        159571001344.0,
        159571001344.0,
        159571001344.0,
        159571001344.0,
        159571001344.0,
        159571001344.0,
        159571001344.0,
        159571001344.0,
        159571001344.0,
        159571001344.0,
        159571001344.0,
        159571001344.0,
        159571001344.0,
        159571001344.0
    ],
    "toxicity_processed_sampled": [
        1.0001856088638306,
        12.085453987121582,
        156276998144.0,
        156276998144.0,
        156276998144.0,
        156276998144.0,
        156276998144.0,
        156276998144.0,
        156276998144.0,
        156276998144.0,
        156276998144.0,
        156276998144.0,
        156276998144.0,
        156276998144.0,
        156276998144.0,
        156276998144.0,
        156276998144.0,
        156276998144.0,
        156276998144.0,
        156276998144.0,
        156276998144.0,
        156276998144.0,
        156276998144.0,
        156276998144.0,
        156276998144.0,
        156276998144.0,
        156276998144.0,
        156276998144.0
    ],
    "emotion_processed": [
        10.538843154907227,
        18.841434478759766,
        27.669687271118164,
        17.504301071166992,
        14.844072341918945,
        39.964813232421875,
        32.108482360839844,
        19.73212242126465,
        67.45442199707031,
        34.39225387573242,
        21.33551788330078,
        53.31550216674805,
        143.6382293701172,
        51.0847282409668,
        72.45845794677734,
        16.203384399414062,
        588.3975830078125,
        30.277122497558594,
        21.014198303222656,
        261.1604309082031,
        27.638368606567383,
        384.5433349609375,
        38.913944244384766,
        297.7865905761719,
        81.25956726074219,
        32.95344161987305,
        40.66361618041992,
        3.051168203353882
    ],
    "emotion_processed_sampled": [
        7.559991359710693,
        13.515817642211914,
        19.848726272583008,
        12.55663013458252,
        10.648327827453613,
        28.668577194213867,
        23.032873153686523,
        14.15474796295166,
        48.38812255859375,
        24.671125411987305,
        15.304937362670898,
        38.24563217163086,
        103.03823852539062,
        36.6453971862793,
        51.977745056152344,
        11.623424530029297,
        422.0843200683594,
        21.71915626525879,
        15.074440956115723,
        187.34225463867188,
        19.82625961303711,
        275.85040283203125,
        27.91474151611328,
        213.6158447265625,
        58.29117965698242,
        23.638999938964844,
        29.169858932495117,
        15.909627914428711
    ]
}