{
    "toxicity_processed": [
        9.433568954467773,
        99.04451751708984,
        17.886377334594727,
        332.8305358886719,
        19.25783920288086,
        112.57366180419922
    ],
    "toxicity_processed_sampled": [
        12.023083686828613,
        121.0914077758789,
        22.135011672973633,
        395.6421203613281,
        23.849260330200195,
        134.89303588867188
    ],
    "emotion_processed": [
        9.538843154907227,
        17.841434478759766,
        26.669689178466797,
        16.504301071166992,
        13.844073295593262,
        38.964813232421875,
        31.10848045349121,
        18.732120513916016,
        66.45442199707031,
        33.39225387573242,
        20.33551788330078,
        52.31550216674805,
        142.6382293701172,
        50.0847282409668,
        71.45845794677734,
        15.203384399414062,
        587.3975830078125,
        29.277122497558594,
        20.01420021057129,
        260.1604309082031,
        26.638370513916016,
        383.5433044433594,
        37.913944244384766,
        296.7865905761719,
        80.25956726074219,
        31.953441619873047,
        39.663612365722656,
        2.051168203353882
    ],
    "emotion_processed_sampled": [
        6.559991359710693,
        12.515817642211914,
        18.848724365234375,
        11.556631088256836,
        9.648327827453613,
        27.668575286865234,
        22.032873153686523,
        13.154747009277344,
        47.38812255859375,
        23.671127319335938,
        14.304936408996582,
        37.24563217163086,
        102.03823852539062,
        35.6453971862793,
        50.977745056152344,
        10.62342357635498,
        421.0843505859375,
        20.71915626525879,
        14.074440956115723,
        186.3422393798828,
        18.82625961303711,
        274.85040283203125,
        26.91474151611328,
        212.61585998535156,
        57.29117965698242,
        22.639001846313477,
        28.169858932495117,
        14.909627914428711
    ]
}